id,code,path,name,uri_root,model_name,key_name_bid,key_name_page,uri_is_fixed,uri_link,uri_title,uri_date,uri_author,uri_reference,uri_inside_date,notice_drop_num
1,main,/notice/main,강원대-메인공지,https://www.kangwon.ac.kr/www/selectBbsNttList.do?bbsNo=37,Main,nttNo,pageIndex,"//*[@id=""board""]/table/tbody/tr/td[1]/strong","//*[@id=""board""]/table/tbody/tr/td[3]/a","//*[@id=""board""]/table/tbody/tr/td[3]/a//text()","//*[@id=""board""]/table/tbody/tr/td[6]//text()","//*[@id=""board""]/table/tbody/tr/td[4]//text()","//*[@id=""board""]/table/tbody/tr/td[2]//text()",null,0
2,cse,/notice/cse,컴퓨터공학과,https://cse.kangwon.ac.kr/index.php?mt=page&mp=5_1_1,Cse,BID,cpage,"//*[@id=""bbsWrap""]/table/tbody/tr/td[1]/img","//*[@id=""bbsWrap""]/table/tbody/tr/td[2]/a","//*[@id=""bbsWrap""]/table/tbody/tr/td[2]/a//text()","//*[@id=""bbsWrap""]/table/tbody/tr/td[4]//text()","//*[@id=""bbsWrap""]/table/tbody/tr/td[3]//text()",null,null,0
3,cba,/notice/cba,경영대학,https://cba.kangwon.ac.kr/cba/community/notice.do?articleLimit=20&article.offset=%d,Cba,articleNo,offset,"//*[@id=""cms-content""]/div/div/div[2]/table/tbody/tr[1]/td[1]","//*[@id=""cms-content""]/div/div/div[2]/table/tbody/tr/td[2]/div/a","//*[@id=""cms-content""]/div/div/div[2]/table/tbody/tr/td[2]/div/a//text()","//*[@id=""cms-content""]/div/div/div[2]/table/tbody/tr/td[4]//text()","//*[@id=""cms-content""]/div/div/div[2]/table/tbody/tr/td[3]//text()",null,null,0
4,biz,/notice/biz,경영학과,https://biz.kangwon.ac.kr/biz/community/notice.do?articleLimit=20&article.offset=%d,Biz,articleNo,offset,"//*[@id=""cms-content""]/div/div/div[2]/table/tbody/tr[1]/td[1]","//*[@id=""cms-content""]/div/div/div[2]/table/tbody/tr/td[2]/div/a","//*[@id=""cms-content""]/div/div/div[2]/table/tbody/tr/td[2]/div/a//text()","//*[@id=""cms-content""]/div/div/div[2]/table/tbody/tr/td[4]//text()","//*[@id=""cms-content""]/div/div/div[2]/table/tbody/tr/td[3]//text()",null,null,0
5,account,/notice/account,회계학과,https://account.kangwon.ac.kr/account/community/notice.do?mode=list&articleLimit=20&article.offset=%d,Account,articleNo,offset,"//*[@id=""cms-content""]/div/div/div[2]/table/tbody/tr/td[1]","//*[@id=""cms-content""]/div/div/div[2]/table/tbody/tr/td[2]/div/a","//*[@id=""cms-content""]/div/div/div[2]/table/tbody/tr/td[2]/div/a//text()","//*[@id=""cms-content""]/div/div/div[2]/table/tbody/tr/td[4]//text()","//*[@id=""cms-content""]/div/div/div[2]/table/tbody/tr/td[3]//text()",null,null,0
6,economics,/notice/economics,경제학과,https://economics.kangwon.ac.kr/economics/community/notice.do?articleLimit=20&article.offset=%d,Economics,articleNo,offset,"//*[@id=""cms-content""]/div/div/div[2]/table/tbody/tr[1]/td[1]","//*[@id=""cms-content""]/div/div/div[2]/table/tbody/tr/td[2]/div/a","//*[@id=""cms-content""]/div/div/div[2]/table/tbody/tr/td[2]/div/a//text()","//*[@id=""cms-content""]/div/div/div[2]/table/tbody/tr/td[4]//text()","//*[@id=""cms-content""]/div/div/div[2]/table/tbody/tr/td[3]//text()",null,null,0
7,statistics,/notice/statistics,정보통계학과,https://statistics.kangwon.ac.kr/statistics/community/notice.do?articleLimit=20&article.offset=%d,Statistics,articleNo,offset,"//*[@id=""cms-content""]/div/div/div[2]/table/tbody/tr[1]/td[1]","//*[@id=""cms-content""]/div/div/div[2]/table/tbody/tr/td[2]/div/a","//*[@id=""cms-content""]/div/div/div[2]/table/tbody/tr/td[2]/div/a//text()","//*[@id=""cms-content""]/div/div/div[2]/table/tbody/tr/td[4]//text()","//*[@id=""cms-content""]/div/div/div[2]/table/tbody/tr/td[3]//text()",null,null,0
8,tourism,/notice/tourism,관광경영학과,https://tourism.kangwon.ac.kr/tourism/community/notice.do?articleLimit=20&article.offset=%d,Tourism,articleNo,offset,"//*[@id=""cms-content""]/div/div/div[2]/table/tbody/tr[1]/td[1]","//*[@id=""cms-content""]/div/div/div[2]/table/tbody/tr/td[2]/div/a","//*[@id=""cms-content""]/div/div/div[2]/table/tbody/tr/td[2]/div/a//text()","//*[@id=""cms-content""]/div/div/div[2]/table/tbody/tr/td[4]//text()","//*[@id=""cms-content""]/div/div/div[2]/table/tbody/tr/td[3]//text()",null,null,0
9,itb,/notice/itb,국제무역학과,https://itb.kangwon.ac.kr/trade/community/notice.do?articleLimit=20&article.offset=%d,Itb,articleNo,offset,"//*[@id=""cms-content""]/div/div/div[2]/table/tbody/tr[1]/td[1]","//*[@id=""cms-content""]/div/div/div[2]/table/tbody/tr/td[2]/div/a","//*[@id=""cms-content""]/div/div/div[2]/table/tbody/tr/td[2]/div/a//text()","//*[@id=""cms-content""]/div/div/div[2]/table/tbody/tr/td[4]//text()","//*[@id=""cms-content""]/div/div/div[2]/table/tbody/tr/td[3]//text()",null,null,0
10,knucals,/notice/knucals,농업생명과학대학,https://knucals.kangwon.ac.kr/knucals/community/notice.do?articleLimit=20&article.offset=%d,Knucals,articleNo,offset,"//*[@id=""cms-content""]/div/div/div[2]/table/tbody/tr[1]/td[1]","//*[@id=""cms-content""]/div/div/div[2]/table/tbody/tr/td[2]/div/a","//*[@id=""cms-content""]/div/div/div[2]/table/tbody/tr/td[2]/div/a//text()","//*[@id=""cms-content""]/div/div/div[2]/table/tbody/tr/td[4]//text()","//*[@id=""cms-content""]/div/div/div[2]/table/tbody/tr/td[3]//text()",null,null,0
11,cll,/notice/cll,미래농업융합학과,http://cll.kangwon.ac.kr/bbs/board.php?bo_table=sub06_1,Cll,wr_id,page,"//*[@id=""fboardlist""]/div/table/tbody/tr/td[1]/strong/i","//*[@id=""fboardlist""]/div/table/tbody/tr/td[2]/div/a","//*[@id=""fboardlist""]/div/table/tbody/tr/td[2]/div/a//text()","//*[@id=""fboardlist""]/div/table/tbody/tr/td[5]//text()","//*[@id=""fboardlist""]/div/table/tbody/tr/td[3]/span//text()",null,null,0
12,bse,/notice/bse,바이오시스템기계공학과,https://bse.kangwon.ac.kr/bse/community/bachelor-notice.do?articleLimit=20&article.offset=%d,Bse,articleNo,offset,"//*[@id=""cms-content""]/div/div/div[2]/table/tbody/tr[1]/td[1]","//*[@id=""cms-content""]/div/div/div[2]/table/tbody/tr/td[2]/div/a","//*[@id=""cms-content""]/div/div/div[2]/table/tbody/tr/td[2]/div/a//text()","//*[@id=""cms-content""]/div/div/div[2]/table/tbody/tr/td[4]//text()","//*[@id=""cms-content""]/div/div/div[2]/table/tbody/tr/td[3]//text()",null,null,0
13,foodtech,/notice/foodtech,식품생명공학과,https://foodtech.kangwon.ac.kr/foodtech/community/notice.do?articleLimit=20&article.offset=%d,Foodtech,articleNo,offset,"//*[@id=""cms-content""]/div/div/div[2]/table/tbody/tr[1]/td[1]","//*[@id=""cms-content""]/div/div/div[2]/table/tbody/tr/td[2]/div/a","//*[@id=""cms-content""]/div/div/div[2]/table/tbody/tr/td[2]/div/a//text()","//*[@id=""cms-content""]/div/div/div[2]/table/tbody/tr/td[4]//text()","//*[@id=""cms-content""]/div/div/div[2]/table/tbody/tr/td[3]//text()",null,null,0
14,appliedplant,/notice/appliedplant,식물자원응용과학과,https://appliedplant.kangwon.ac.kr/appliedplant/community/undergraduate-notice.do?articleLimit=20&article.offset=%d,Appliedplant,articleNo,offset,"//*[@id=""cms-content""]/div/div/div[2]/table/tbody/tr[1]/td[1]","//*[@id=""cms-content""]/div/div/div[2]/table/tbody/tr/td[2]/div/a","//*[@id=""cms-content""]/div/div/div[2]/table/tbody/tr/td[2]/div/a//text()","//*[@id=""cms-content""]/div/div/div[2]/table/tbody/tr/td[4]//text()","//*[@id=""cms-content""]/div/div/div[2]/table/tbody/tr/td[3]//text()",null,null,0
15,applybio,/notice/applybio,응용생물학과,https://applybio.kangwon.ac.kr/applybio/community/under-notice.do?articleLimit=20&article.offset=%d,Applybio,articleNo,offset,"//*[@id=""cms-content""]/div/div/div[2]/table/tbody/tr[1]/td[1]","//*[@id=""cms-content""]/div/div/div[2]/table/tbody/tr/td[2]/div/a","//*[@id=""cms-content""]/div/div/div[2]/table/tbody/tr/td[2]/div/a//text()","//*[@id=""cms-content""]/div/div/div[2]/table/tbody/tr/td[4]//text()","//*[@id=""cms-content""]/div/div/div[2]/table/tbody/tr/td[3]//text()",null,null,0
16,horti,/notice/horti,원예과학과,https://horti.kangwon.ac.kr/horti/community/dept-notice.do?articleLimit=20&article.offset=%d,Horti,articleNo,offset,"//*[@id=""cms-content""]/div/div/div[2]/table/tbody/tr[1]/td[1]","//*[@id=""cms-content""]/div/div/div[2]/table/tbody/tr/td[2]/div/a","//*[@id=""cms-content""]/div/div/div[2]/table/tbody/tr/td[2]/div/a//text()","//*[@id=""cms-content""]/div/div/div[2]/table/tbody/tr/td[4]//text()","//*[@id=""cms-content""]/div/div/div[2]/table/tbody/tr/td[3]//text()",null,null,0
17,agecon,/notice/agecon,농업자원경제학과,https://agecon.kangwon.ac.kr/agecon/community/notice.do?articleLimit=20&article.offset=%d,Agecon,articleNo,offset,"//*[@id=""cms-content""]/div/div/div[2]/table/tbody/tr[1]/td[1]","//*[@id=""cms-content""]/div/div/div[2]/table/tbody/tr/td[2]/div/a","//*[@id=""cms-content""]/div/div/div[2]/table/tbody/tr/td[2]/div/a//text()","//*[@id=""cms-content""]/div/div/div[2]/table/tbody/tr/td[4]//text()","//*[@id=""cms-content""]/div/div/div[2]/table/tbody/tr/td[3]//text()",null,null,0
18,aed,/notice/aed,지역건설공학과,http://aed.kangwon.ac.kr/bbs/board.php?bo_table=sub05_1,Aed,wr_id,page,"//*[@id=""fboardlist""]/div/table/tbody/tr/td[1]/strong","//*[@id=""fboardlist""]/div/table/tbody/tr/td[2]/a","//*[@id=""fboardlist""]/div/table/tbody/tr/td[2]/a//text()","//*[@id=""fboardlist""]/div/table/tbody/tr/td[4]//text()","//*[@id=""fboardlist""]/div/table/tbody/tr/td[3]/span//text()",null,null,0
19,dbe,/notice/dbe,바이오자원환경학과,https://dbe.kangwon.ac.kr/dbe/community/notice.do?articleLimit=20&article.offset=%d,Dbe,articleNo,offset,"//*[@id=""cms-content""]/div/div/div[2]/table/tbody/tr[1]/td[1]","//*[@id=""cms-content""]/div/div/div[2]/table/tbody/tr/td[2]/div/a","//*[@id=""cms-content""]/div/div/div[2]/table/tbody/tr/td[2]/div/a//text()","//*[@id=""cms-content""]/div/div/div[2]/table/tbody/tr/td[4]//text()","//*[@id=""cms-content""]/div/div/div[2]/table/tbody/tr/td[3]//text()",null,null,0
20,ecoenv,/notice/ecoenv,에코환경과학과,https://ecoenv.kangwon.ac.kr/ecoenv/community/notice.do?articleLimit=20&article.offset=%d,Ecoenv,articleNo,offset,"//*[@id=""cms-content""]/div/div/div[2]/table/tbody/tr[1]/td[1]","//*[@id=""cms-content""]/div/div/div[2]/table/tbody/tr/td[2]/div/a","//*[@id=""cms-content""]/div/div/div[2]/table/tbody/tr/td[2]/div/a//text()","//*[@id=""cms-content""]/div/div/div[2]/table/tbody/tr/td[4]//text()","//*[@id=""cms-content""]/div/div/div[2]/table/tbody/tr/td[3]//text()",null,null,0
21,cals,/notice/cals,동물생명과학대학,http://cals.kangwon.ac.kr/bbs/board.php?bo_table=sub05_1,Cals,wr_id,page,"//*[@id=""fboardlist""]/div/table/tbody/tr/td[1]/strong/i","//*[@id=""fboardlist""]/div/table/tbody/tr/td[2]/div/a","//*[@id=""fboardlist""]/div/table/tbody/tr/td[2]/div/a//text()","//*[@id=""fboardlist""]/div/table/tbody/tr/td[5]//text()","//*[@id=""fboardlist""]/div/table/tbody/tr/td[3]/span//text()",null,null,0
22,animal,/notice/animal,동물산업융합학과,https://animal.kangwon.ac.kr/animal/community/notice.do?articleLimit=20&article.offset=%d,Animal,articleNo,offset,"//*[@id=""cms-content""]/div/div/div[2]/table/tbody/tr[1]/td[1]","//*[@id=""cms-content""]/div/div/div[2]/table/tbody/tr/td[2]/div/a","//*[@id=""cms-content""]/div/div/div[2]/table/tbody/tr/td[2]/div/a//text()","//*[@id=""cms-content""]/div/div/div[2]/table/tbody/tr/td[4]//text()","//*[@id=""cms-content""]/div/div/div[2]/table/tbody/tr/td[3]//text()",null,null,0
23,applanimalsci,/notice/applanimalsci,동물응용과학과,https://applanimalsci.kangwon.ac.kr/applanimalsci/community/notice.do?articleLimit=20&article.offset=%d,Applanimalsci,articleNo,offset,"//*[@id=""cms-content""]/div/div/div[2]/table/tbody/tr[1]/td[1]","//*[@id=""cms-content""]/div/div/div[2]/table/tbody/tr/td[2]/div/a","//*[@id=""cms-content""]/div/div/div[2]/table/tbody/tr/td[2]/div/a//text()","//*[@id=""cms-content""]/div/div/div[2]/table/tbody/tr/td[4]//text()","//*[@id=""cms-content""]/div/div/div[2]/table/tbody/tr/td[3]//text()",null,null,0
24,aniscience,/notice/aniscience,동물자원과학과,https://aniscience.kangwon.ac.kr/aniscience/community/notice.do?articleLimit=20&article.offset=%d,Aniscience,articleNo,offset,"//*[@id=""cms-content""]/div/div/div[2]/table/tbody/tr[1]/td[1]","//*[@id=""cms-content""]/div/div/div[2]/table/tbody/tr/td[2]/div/a","//*[@id=""cms-content""]/div/div/div[2]/table/tbody/tr/td[2]/div/a//text()","//*[@id=""cms-content""]/div/div/div[2]/table/tbody/tr/td[4]//text()","//*[@id=""cms-content""]/div/div/div[2]/table/tbody/tr/td[3]//text()",null,null,0
25,ace,/notice/ace,문화예술·공과대학,https://ace.kangwon.ac.kr/ace/community/event.do?articleLimit=20&article.offset=%d,Ace,articleNo,offset,"//*[@id=""cms-content""]/div/div/div[2]/table/tbody/tr[1]/td[1]","//*[@id=""cms-content""]/div/div/div[2]/table/tbody/tr/td[2]/div/a","//*[@id=""cms-content""]/div/div/div[2]/table/tbody/tr/td[2]/div/a//text()","//*[@id=""cms-content""]/div/div/div[2]/table/tbody/tr/td[4]//text()","//*[@id=""cms-content""]/div/div/div[2]/table/tbody/tr/td[3]//text()",null,null,0
26,architecture,/notice/architecture,건축학과,https://architecture.kangwon.ac.kr/architecture/community/notice.do?articleLimit=20&article.offset=%d,Architecture,articleNo,offset,"//*[@id=""cms-content""]/div/div/div[2]/table/tbody/tr[1]/td[1]","//*[@id=""cms-content""]/div/div/div[2]/table/tbody/tr/td[2]/div/a","//*[@id=""cms-content""]/div/div/div[2]/table/tbody/tr/td[2]/div/a//text()","//*[@id=""cms-content""]/div/div/div[2]/table/tbody/tr/td[4]//text()","//*[@id=""cms-content""]/div/div/div[2]/table/tbody/tr/td[3]//text()",null,null,0
27,archi,/notice/archi,건축공학과,https://archi.kangwon.ac.kr/archi/community/notice01.do?articleLimit=20&article.offset=%d,Archi,articleNo,offset,"//*[@id=""cms-content""]/div/div/div[2]/table/tbody/tr[1]/td[1]","//*[@id=""cms-content""]/div/div/div[2]/table/tbody/tr/td[2]/div/a","//*[@id=""cms-content""]/div/div/div[2]/table/tbody/tr/td[2]/div/a//text()","//*[@id=""cms-content""]/div/div/div[2]/table/tbody/tr/td[4]//text()","//*[@id=""cms-content""]/div/div/div[2]/table/tbody/tr/td[3]//text()",null,null,0
28,civil,/notice/civil,토목공학과,https://civil.kangwon.ac.kr/civil/community/notice.do?articleLimit=20&article.offset=%d,Civil,articleNo,offset,"//*[@id=""cms-content""]/div/div/div[2]/table/tbody/tr[1]/td[1]","//*[@id=""cms-content""]/div/div/div[2]/table/tbody/tr/td[2]/div/a","//*[@id=""cms-content""]/div/div/div[2]/table/tbody/tr/td[2]/div/a//text()","//*[@id=""cms-content""]/div/div/div[2]/table/tbody/tr/td[4]//text()","//*[@id=""cms-content""]/div/div/div[2]/table/tbody/tr/td[3]//text()",null,null,0
29,environ,/notice/environ,환경공학과,https://environ.kangwon.ac.kr/environ/community/notice.do?articleLimit=20&article.offset=%d,Environ,articleNo,offset,"//*[@id=""cms-content""]/div/div/div[2]/table/tbody/tr[1]/td[1]","//*[@id=""cms-content""]/div/div/div[2]/table/tbody/tr/td[2]/div/a","//*[@id=""cms-content""]/div/div/div[2]/table/tbody/tr/td[2]/div/a//text()","//*[@id=""cms-content""]/div/div/div[2]/table/tbody/tr/td[4]//text()","//*[@id=""cms-content""]/div/div/div[2]/table/tbody/tr/td[3]//text()",null,null,0
30,mechanical,/notice/mechanical,기계의용공학과,https://mechanical.kangwon.ac.kr/mechanical/community/notice-department.do?articleLimit=20&article.offset=%d,Mechanical,articleNo,offset,"//*[@id=""cms-content""]/div/div/div[2]/table/tbody/tr[1]/td[1]","//*[@id=""cms-content""]/div/div/div[2]/table/tbody/tr/td[2]/div/a","//*[@id=""cms-content""]/div/div/div[2]/table/tbody/tr/td[2]/div/a//text()","//*[@id=""cms-content""]/div/div/div[2]/table/tbody/tr/td[4]//text()","//*[@id=""cms-content""]/div/div/div[2]/table/tbody/tr/td[3]//text()",null,null,0
31,mecha,/notice/mecha,메카트로닉스공학과,https://mecha.kangwon.ac.kr/mecha/community/notice.do?articleLimit=20&article.offset=%d,Mecha,articleNo,offset,"//*[@id=""cms-content""]/div/div/div[2]/table/tbody/tr[1]/td[1]","//*[@id=""cms-content""]/div/div/div[2]/table/tbody/tr/td[2]/div/a","//*[@id=""cms-content""]/div/div/div[2]/table/tbody/tr/td[2]/div/a//text()","//*[@id=""cms-content""]/div/div/div[2]/table/tbody/tr/td[4]//text()","//*[@id=""cms-content""]/div/div/div[2]/table/tbody/tr/td[3]//text()",null,null,0
32,material,/notice/material,재료공학과,http://material.kangwon.ac.kr/index.php?mt=page&mp=5_1_1,Material,BID,cpage,"//*[@id=""bbsWrap""]/form[1]/table/tbody/tr/td[1]/img","//*[@id=""bbsWrap""]/form[1]/table/tbody/tr/td[3]/a","//*[@id=""bbsWrap""]/form[1]/table/tbody/tr/td[3]/a/span//text()","//*[@id=""bbsWrap""]/form[1]/table/tbody/tr/td[5]//text()","//*[@id=""bbsWrap""]/form[1]/table/tbody/tr/td[4]//text()",null,null,0
33,enre,/notice/enre,에너지자원공학과,https://enre.kangwon.ac.kr/index.php?mt=page&mp=5_1,Enre,BID,cpage,"//*[@id=""bbsWrap""]/form[1]/table/tbody/tr/td[1]/img","//*[@id=""bbsWrap""]/form[1]/table/tbody/tr/td[2]/a","//*[@id=""bbsWrap""]/form[1]/table/tbody/tr/td[2]/a//text()","//*[@id=""bbsWrap""]/form[1]/table/tbody/tr/td[4]//text()","//*[@id=""bbsWrap""]/form[1]/table/tbody/tr/td[3]//text()",null,null,0
34,sme,/notice/sme,산업공학과,https://sme.kangwon.ac.kr/sme/community/notice.do?articleLimit=20&article.offset=%d,Sme,articleNo,offset,"//*[@id=""cms-content""]/div/div/div[2]/table/tbody/tr[1]/td[1]","//*[@id=""cms-content""]/div/div/div[2]/table/tbody/tr/td[2]/div/a","//*[@id=""cms-content""]/div/div/div[2]/table/tbody/tr/td[2]/div/a//text()","//*[@id=""cms-content""]/div/div/div[2]/table/tbody/tr/td[4]//text()","//*[@id=""cms-content""]/div/div/div[2]/table/tbody/tr/td[3]//text()",null,null,0
35,chemeng,/notice/chemeng,화학공학과,http://chemeng.kangwon.ac.kr/index.php?mt=page&mp=5_1,Chemeng,BID,cpage,"//*[@id=""bbsWrap""]/form[1]/table/tbody/tr/td[1]/img","//*[@id=""bbsWrap""]/form[1]/table/tbody/tr/td[2]/a","//*[@id=""bbsWrap""]/form[1]/table/tbody/tr/td[2]/a//text()","//*[@id=""bbsWrap""]/form[1]/table/tbody/tr/td[4]//text()","//*[@id=""bbsWrap""]/form[1]/table/tbody/tr/td[3]//text()",null,null,0
36,bioeng,/notice/bioeng,생물공학과,https://bioeng.kangwon.ac.kr/bioeng/community/notice01.do?articleLimit=20&article.offset=%d,Bioeng,articleNo,offset,"//*[@id=""cms-content""]/div/div/div[2]/table/tbody/tr[1]/td[1]","//*[@id=""cms-content""]/div/div/div[2]/table/tbody/tr/td[2]/div/a","//*[@id=""cms-content""]/div/div/div[2]/table/tbody/tr/td[2]/div/a//text()","//*[@id=""cms-content""]/div/div/div[2]/table/tbody/tr/td[4]//text()","//*[@id=""cms-content""]/div/div/div[2]/table/tbody/tr/td[3]//text()",null,null,0
37,design,/notice/design,디자인학과,https://design.kangwon.ac.kr/design/community/notice.do?articleLimit=20&article.offset=%d,Design,articleNo,offset,"//*[@id=""cms-content""]/div/div/div[2]/table/tbody/tr[1]/td[1]","//*[@id=""cms-content""]/div/div/div[2]/table/tbody/tr/td[2]/div/a","//*[@id=""cms-content""]/div/div/div[2]/table/tbody/tr/td[2]/div/a//text()","//*[@id=""cms-content""]/div/div/div[2]/table/tbody/tr/td[4]//text()","//*[@id=""cms-content""]/div/div/div[2]/table/tbody/tr/td[3]//text()",null,null,0
38,kangwonart,/notice/kangwonart,미술학과,https://art.kangwon.ac.kr/art/community/notice.do?articleLimit=20&article.offset=%d,Kangwonart,articleNo,offset,"//*[@id=""cms-content""]/div/div/div[2]/table/tbody/tr[1]/td[1]","//*[@id=""cms-content""]/div/div/div[2]/table/tbody/tr/td[2]/div/a","//*[@id=""cms-content""]/div/div/div[2]/table/tbody/tr/td[2]/div/a//text()","//*[@id=""cms-content""]/div/div/div[2]/table/tbody/tr/td[4]//text()","//*[@id=""cms-content""]/div/div/div[2]/table/tbody/tr/td[3]//text()",null,null,0
39,sport,/notice/sport,스포츠과학과,https://sport.kangwon.ac.kr/sport/community/notice.do?articleLimit=20&article.offset=%d,Sport,articleNo,offset,"//*[@id=""cms-content""]/div/div/div[2]/table/tbody/tr[1]/td[1]","//*[@id=""cms-content""]/div/div/div[2]/table/tbody/tr/td[2]/div/a","//*[@id=""cms-content""]/div/div/div[2]/table/tbody/tr/td[2]/div/a//text()","//*[@id=""cms-content""]/div/div/div[2]/table/tbody/tr/td[4]//text()","//*[@id=""cms-content""]/div/div/div[2]/table/tbody/tr/td[3]//text()",null,null,0
40,vculture,/notice/vculture,영상문화학과,https://vculture.kangwon.ac.kr/vculture/community/notice.do?articleLimit=20&article.offset=%d,Vculture,articleNo,offset,"//*[@id=""cms-content""]/div/div/div[2]/table/tbody/tr[1]/td[1]","//*[@id=""cms-content""]/div/div/div[2]/table/tbody/tr/td[2]/div/a","//*[@id=""cms-content""]/div/div/div[2]/table/tbody/tr/td[2]/div/a//text()","//*[@id=""cms-content""]/div/div/div[2]/table/tbody/tr/td[4]//text()","//*[@id=""cms-content""]/div/div/div[2]/table/tbody/tr/td[3]//text()",null,null,0
41,educatio,/notice/educatio,사범대학,http://educatio.kangwon.ac.kr/?doc=bbs/board.php&bo_table=gongi,Educatio,wr_id,page,/html/body/table/tbody/tr/td/table[2]/tbody/tr/td[2]/span/img,/html/body/table/tbody/tr/td/table[2]/tbody/tr/td[3]/a,/html/body/table/tbody/tr/td/table[2]/tbody/tr/td[3]//text(),/html/body/table/tbody/tr/td/table[2]/tbody/tr/td[5]//text(),/html/body/table/tbody/tr/td/table[2]/tbody/tr[5]/td[4]/span/span/span/span/text(),null,null,4
42,homecs,/notice/homecs,가정교육과,https://homecs.kangwon.ac.kr/homecs/community/notice01.do?articleLimit=20&article.offset=%d,Homecs,articleNo,offset,"//*[@id=""cms-content""]/div/div/div[2]/table/tbody/tr[1]/td[1]","//*[@id=""cms-content""]/div/div/div[2]/table/tbody/tr/td[2]/div/a","//*[@id=""cms-content""]/div/div/div[2]/table/tbody/tr/td[2]/div/a//text()","//*[@id=""cms-content""]/div/div/div[2]/table/tbody/tr/td[4]//text()","//*[@id=""cms-content""]/div/div/div[2]/table/tbody/tr/td[3]//text()",null,null,0
43,sciedu,/notice/sciedu,과학교육학과,https://sciedu.kangwon.ac.kr/sciedu/community/notice.do?articleLimit=20&article.offset=%d,Sciedu,articleNo,offset,"//*[@id=""cms-content""]/div/div/div[2]/table/tbody/tr[1]/td[1]","//*[@id=""cms-content""]/div/div/div[2]/table/tbody/tr/td[2]/div/a","//*[@id=""cms-content""]/div/div/div[2]/table/tbody/tr/td[2]/div/a//text()","//*[@id=""cms-content""]/div/div/div[2]/table/tbody/tr/td[4]//text()","//*[@id=""cms-content""]/div/div/div[2]/table/tbody/tr/td[3]//text()",null,null,0
44,edu,/notice/edu,교육학과,https://edu.kangwon.ac.kr/edu/community/notice.do?articleLimit=20&article.offset=%d,Edu,articleNo,offset,"//*[@id=""cms-content""]/div/div/div[2]/table/tbody/tr[1]/td[1]","//*[@id=""cms-content""]/div/div/div[2]/table/tbody/tr/td[2]/div/a","//*[@id=""cms-content""]/div/div/div[2]/table/tbody/tr/td[2]/div/a//text()","//*[@id=""cms-content""]/div/div/div[2]/table/tbody/tr/td[4]//text()","//*[@id=""cms-content""]/div/div/div[2]/table/tbody/tr/td[3]//text()",null,null,0
45,koredu,/notice/koredu,국어교육과,https://koredu.kangwon.ac.kr/koredu/community/notice.do?articleLimit=20&article.offset=%d,Koredu,articleNo,offset,"//*[@id=""cms-content""]/div/div/div[2]/table/tbody/tr[1]/td[1]","//*[@id=""cms-content""]/div/div/div[2]/table/tbody/tr/td[2]/div/a","//*[@id=""cms-content""]/div/div/div[2]/table/tbody/tr/td[2]/div/a//text()","//*[@id=""cms-content""]/div/div/div[2]/table/tbody/tr/td[4]//text()","//*[@id=""cms-content""]/div/div/div[2]/table/tbody/tr/td[3]//text()",null,null,0
46,mathedu,/notice/mathedu,수학교육과,https://mathedu.kangwon.ac.kr/mathedu/community/notice01.do?articleLimit=20&article.offset=%d,Mathedu,articleNo,offset,"//*[@id=""cms-content""]/div/div/div[2]/table/tbody/tr[1]/td[1]","//*[@id=""cms-content""]/div/div/div[2]/table/tbody/tr/td[2]/div/a","//*[@id=""cms-content""]/div/div/div[2]/table/tbody/tr/td[2]/div/a//text()","//*[@id=""cms-content""]/div/div/div[2]/table/tbody/tr/td[4]//text()","//*[@id=""cms-content""]/div/div/div[2]/table/tbody/tr/td[3]//text()",null,null,0
47,history,/notice/history,역사교육과,https://history.kangwon.ac.kr/history/community/notice.do?articleLimit=20&article.offset=%d,History,articleNo,offset,"//*[@id=""cms-content""]/div/div/div[2]/table/tbody/tr[1]/td[1]","//*[@id=""cms-content""]/div/div/div[2]/table/tbody/tr/td[2]/div/a","//*[@id=""cms-content""]/div/div/div[2]/table/tbody/tr/td[2]/div/a//text()","//*[@id=""cms-content""]/div/div/div[2]/table/tbody/tr/td[4]//text()","//*[@id=""cms-content""]/div/div/div[2]/table/tbody/tr/td[3]//text()",null,null,0
48,engedu,/notice/engedu,영어교육과,https://engedu.kangwon.ac.kr/engedu/community/notice.do?articleLimit=20&article.offset=%d,Engedu,articleNo,offset,"//*[@id=""cms-content""]/div/div/div[2]/table/tbody/tr[1]/td[1]","//*[@id=""cms-content""]/div/div/div[2]/table/tbody/tr/td[2]/div/a","//*[@id=""cms-content""]/div/div/div[2]/table/tbody/tr/td[2]/div/a//text()","//*[@id=""cms-content""]/div/div/div[2]/table/tbody/tr/td[4]//text()","//*[@id=""cms-content""]/div/div/div[2]/table/tbody/tr/td[3]//text()",null,null,0
49,ethicsedu,/notice/ethicsedu,윤리교육과,https://ethicsedu.kangwon.ac.kr/ethicsedu/community/notice.do?articleLimit=20&article.offset=%d,Ethicsedu,articleNo,offset,"//*[@id=""cms-content""]/div/div/div[2]/table/tbody/tr[1]/td[1]","//*[@id=""cms-content""]/div/div/div[2]/table/tbody/tr/td[2]/div/a","//*[@id=""cms-content""]/div/div/div[2]/table/tbody/tr/td[2]/div/a//text()","//*[@id=""cms-content""]/div/div/div[2]/table/tbody/tr/td[4]//text()","//*[@id=""cms-content""]/div/div/div[2]/table/tbody/tr/td[3]//text()",null,null,0
50,ssedu,/notice/ssedu,일반사회교육과,https://ssedu.kangwon.ac.kr/ssedu/community/notice.do?articleLimit=20&article.offset=%d,Ssedu,articleNo,offset,"//*[@id=""cms-content""]/div/div/div[2]/table/tbody/tr[1]/td[1]","//*[@id=""cms-content""]/div/div/div[2]/table/tbody/tr/td[2]/div/a","//*[@id=""cms-content""]/div/div/div[2]/table/tbody/tr/td[2]/div/a//text()","//*[@id=""cms-content""]/div/div/div[2]/table/tbody/tr/td[4]//text()","//*[@id=""cms-content""]/div/div/div[2]/table/tbody/tr/td[3]//text()",null,null,0
51,geoedu,/notice/geoedu,지리교육과,https://geoedu.kangwon.ac.kr/geoedu/community/notice.do?articleLimit=20&article.offset=%d,Geoedu,articleNo,offset,"//*[@id=""cms-content""]/div/div/div[2]/table/tbody/tr[1]/td[1]","//*[@id=""cms-content""]/div/div/div[2]/table/tbody/tr/td[2]/div/a","//*[@id=""cms-content""]/div/div/div[2]/table/tbody/tr/td[2]/div/a//text()","//*[@id=""cms-content""]/div/div/div[2]/table/tbody/tr/td[4]//text()","//*[@id=""cms-content""]/div/div/div[2]/table/tbody/tr/td[3]//text()",null,null,0
52,phyedu,/notice/phyedu,체육교육과,https://phyedu.kangwon.ac.kr/phyedu/community/notice.do?articleLimit=20&article.offset=%d,Phyedu,articleNo,offset,"//*[@id=""cms-content""]/div/div/div[2]/table/tbody/tr[1]/td[1]","//*[@id=""cms-content""]/div/div/div[2]/table/tbody/tr/td[2]/div/a","//*[@id=""cms-content""]/div/div/div[2]/table/tbody/tr/td[2]/div/a//text()","//*[@id=""cms-content""]/div/div/div[2]/table/tbody/tr/td[4]//text()","//*[@id=""cms-content""]/div/div/div[2]/table/tbody/tr/td[3]//text()",null,null,0
53,ccedu,/notice/ccedu,한문교육과,https://ccedu.kangwon.ac.kr/ccedu/community/notice.do?articleLimit=20&article.offset=%d,Ccedu,articleNo,offset,"//*[@id=""cms-content""]/div/div/div[2]/table/tbody/tr[1]/td[1]","//*[@id=""cms-content""]/div/div/div[2]/table/tbody/tr/td[2]/div/a","//*[@id=""cms-content""]/div/div/div[2]/table/tbody/tr/td[2]/div/a//text()","//*[@id=""cms-content""]/div/div/div[2]/table/tbody/tr/td[4]//text()","//*[@id=""cms-content""]/div/div/div[2]/table/tbody/tr/td[3]//text()",null,null,0
54,social,/notice/social,사회과학대학,http://social.kangwon.ac.kr/bbs/board.php?bo_table=sub06_1,Social,wr_id,page,"//*[@id=""fboardlist""]/div/table/tbody/tr/td[1]/strong","//*[@id=""fboardlist""]/div/table/tbody/tr/td[2]/div/a","//*[@id=""fboardlist""]/div/table/tbody/tr/td[2]/div/a//text()","//*[@id=""fboardlist""]/div/table/tbody/tr/td[5]//text()","//*[@id=""fboardlist""]/div/table/tbody/tr/td[3]/span//text()",null,null,0
55,anthro,/notice/anthro,문화인류학과,https://anthro.kangwon.ac.kr/anthro/community/notice.do?articleLimit=20&article.offset=%d,Anthro,articleNo,offset,"//*[@id=""cms-content""]/div/div/div[2]/table/tbody/tr[1]/td[1]","//*[@id=""cms-content""]/div/div/div[2]/table/tbody/tr/td[2]/div/a","//*[@id=""cms-content""]/div/div/div[2]/table/tbody/tr/td[2]/div/a//text()","//*[@id=""cms-content""]/div/div/div[2]/table/tbody/tr/td[4]//text()","//*[@id=""cms-content""]/div/div/div[2]/table/tbody/tr/td[3]//text()",null,null,0
56,re1978,/notice/re1978,부동산학과,https://re1978.kangwon.ac.kr/re1978/community/notice.do?articleLimit=20&article.offset=%d,Re1978,articleNo,offset,"//*[@id=""cms-content""]/div/div/div[2]/table/tbody/tr[1]/td[1]","//*[@id=""cms-content""]/div/div/div[2]/table/tbody/tr/td[2]/div/a","//*[@id=""cms-content""]/div/div/div[2]/table/tbody/tr/td[2]/div/a//text()","//*[@id=""cms-content""]/div/div/div[2]/table/tbody/tr/td[4]//text()","//*[@id=""cms-content""]/div/div/div[2]/table/tbody/tr/td[3]//text()",null,null,0
57,sociology,/notice/sociology,사회학과,https://sociology.kangwon.ac.kr/sociology/community/notice.do?articleLimit=20&article.offset=%d,Sociology,articleNo,offset,"//*[@id=""cms-content""]/div/div/div[2]/table/tbody/tr[1]/td[1]","//*[@id=""cms-content""]/div/div/div[2]/table/tbody/tr/td[2]/div/a","//*[@id=""cms-content""]/div/div/div[2]/table/tbody/tr/td[2]/div/a//text()","//*[@id=""cms-content""]/div/div/div[2]/table/tbody/tr/td[4]//text()","//*[@id=""cms-content""]/div/div/div[2]/table/tbody/tr/td[3]//text()",null,null,0
58,masscom,/notice/masscom,신문방송학과,http://masscom.kangwon.ac.kr/bbs/board.php?bo_table=sub3_1,Masscom,wr_id,page,"//*[@id=""ctn""]/table/tbody/tr/td/form/table/tbody/tr/td[1]/b","//*[@id=""ctn""]/table/tbody/tr/td/form/table/tbody/tr/td[2]/nobr/a","//*[@id=""ctn""]/table/tbody/tr/td/form/table/tbody/tr/td[2]/nobr/a//text()","//*[@id=""ctn""]/table/tbody/tr/td/form/table/tbody/tr/td[4]//text()","//*[@id=""ctn""]/table/tbody/tr/td/form/table/tbody/tr/td[3]/span//text()",null,"//*[@id=""ctn""]/table/tbody/tr/td/div[1]/div[1]/span//text()",0
59,politics,/notice/politics,정치외교학과,https://politics.kangwon.ac.kr/politics/community/undergraduate-notice.do?articleLimit=20&article.offset=%d,Politics,articleNo,offset,"//*[@id=""cms-content""]/div/div/div[2]/table/tbody/tr[1]/td[1]","//*[@id=""cms-content""]/div/div/div[2]/table/tbody/tr/td[2]/div/a","//*[@id=""cms-content""]/div/div/div[2]/table/tbody/tr/td[2]/div/a//text()","//*[@id=""cms-content""]/div/div/div[2]/table/tbody/tr/td[4]//text()","//*[@id=""cms-content""]/div/div/div[2]/table/tbody/tr/td[3]//text()",null,null,0
60,padm,/notice/padm,행정학과,http://padm.kangwon.ac.kr/bbs/board.php?bo_table=sub3_2,Padm,wr_id,page,"//*[@id=""fboardlist""]/div[1]/ul/li/div[1]/span","//*[@id=""fboardlist""]/div[1]/ul/li/div[2]/a","//*[@id=""fboardlist""]/div[1]/ul/li/div[2]/a//text()","//*[@id=""fboardlist""]/div[1]/ul/li/div[4]//text()","//*[@id=""fboardlist""]/div[1]/ul/li/div[3]/span//text()",null,"//*[@id=""thema_wrapper""]/div[4]/div/div/div[1]/div[2]/section/article/div[1]/div[1]/div/span[4]/span/@content",0
61,psych,/notice/psych,심리학과,https://psych.kangwon.ac.kr/psych/notice/undergraduate.do?articleLimit=20&article.offset=%d,Psych,articleNo,offset,"//*[@id=""cms-content""]/div/div/div[2]/table/tbody/tr[1]/td[1]","//*[@id=""cms-content""]/div/div/div[2]/table/tbody/tr/td[2]/div/a","//*[@id=""cms-content""]/div/div/div[2]/table/tbody/tr/td[2]/div/a//text()","//*[@id=""cms-content""]/div/div/div[2]/table/tbody/tr/td[4]//text()","//*[@id=""cms-content""]/div/div/div[2]/table/tbody/tr/td[3]//text()",null,null,0
62,forest,/notice/forest,산림환경과학대학,https://forest.kangwon.ac.kr/forest/community/notice.do?articleLimit=20&article.offset=%d,Forest,articleNo,offset,"//*[@id=""cms-content""]/div/div/div[2]/table/tbody/tr[1]/td[1]","//*[@id=""cms-content""]/div/div/div[2]/table/tbody/tr/td[2]/div/a","//*[@id=""cms-content""]/div/div/div[2]/table/tbody/tr/td[2]/div/a//text()","//*[@id=""cms-content""]/div/div/div[2]/table/tbody/tr/td[4]//text()","//*[@id=""cms-content""]/div/div/div[2]/table/tbody/tr/td[3]//text()",null,null,0
63,fm,/notice/fm,산림경영학과,https://fm.kangwon.ac.kr/fm/community/notice.do?articleLimit=20&article.offset=%d,Fm,articleNo,offset,"//*[@id=""cms-content""]/div/div/div[2]/table/tbody/tr[1]/td[1]","//*[@id=""cms-content""]/div/div/div[2]/table/tbody/tr/td[2]/div/a","//*[@id=""cms-content""]/div/div/div[2]/table/tbody/tr/td[2]/div/a//text()","//*[@id=""cms-content""]/div/div/div[2]/table/tbody/tr/td[4]//text()","//*[@id=""cms-content""]/div/div/div[2]/table/tbody/tr/td[3]//text()",null,null,0
64,forestry,/notice/forestry,산림자원학과,https://forestry.kangwon.ac.kr/forestry/community/notice.do?articleLimit=20&article.offset=%d,Forestry,articleNo,offset,"//*[@id=""cms-content""]/div/div/div[2]/table/tbody/tr[1]/td[1]","//*[@id=""cms-content""]/div/div/div[2]/table/tbody/tr/td[2]/div/a","//*[@id=""cms-content""]/div/div/div[2]/table/tbody/tr/td[2]/div/a//text()","//*[@id=""cms-content""]/div/div/div[2]/table/tbody/tr/td[4]//text()","//*[@id=""cms-content""]/div/div/div[2]/table/tbody/tr/td[3]//text()",null,null,0
65,fep,/notice/fep,산림환경보호학과,https://fep.kangwon.ac.kr/fep/community/notice.do?articleLimit=20&article.offset=%d,Fep,articleNo,offset,"//*[@id=""cms-content""]/div/div/div[2]/table/tbody/tr[1]/td[1]","//*[@id=""cms-content""]/div/div/div[2]/table/tbody/tr/td[2]/div/a","//*[@id=""cms-content""]/div/div/div[2]/table/tbody/tr/td[2]/div/a//text()","//*[@id=""cms-content""]/div/div/div[2]/table/tbody/tr/td[4]//text()","//*[@id=""cms-content""]/div/div/div[2]/table/tbody/tr/td[3]//text()",null,null,0
66,wood,/notice/wood,산림소재공학과,https://wood.kangwon.ac.kr/wood/community/notice.do?articleLimit=20&article.offset=%d,Wood,articleNo,offset,"//*[@id=""cms-content""]/div/div/div[2]/table/tbody/tr[1]/td[1]","//*[@id=""cms-content""]/div/div/div[2]/table/tbody/tr/td[2]/div/a","//*[@id=""cms-content""]/div/div/div[2]/table/tbody/tr/td[2]/div/a//text()","//*[@id=""cms-content""]/div/div/div[2]/table/tbody/tr/td[4]//text()","//*[@id=""cms-content""]/div/div/div[2]/table/tbody/tr/td[3]//text()",null,null,0
67,paper,/notice/paper,제지공학과,https://paper.kangwon.ac.kr/paper/community/notice.do?articleLimit=20&article.offset=%d,Paper,articleNo,offset,"//*[@id=""cms-content""]/div/div/div[2]/table/tbody/tr[1]/td[1]","//*[@id=""cms-content""]/div/div/div[2]/table/tbody/tr/td[2]/div/a","//*[@id=""cms-content""]/div/div/div[2]/table/tbody/tr/td[2]/div/a//text()","//*[@id=""cms-content""]/div/div/div[2]/table/tbody/tr/td[4]//text()","//*[@id=""cms-content""]/div/div/div[2]/table/tbody/tr/td[3]//text()",null,null,0
68,lands,/notice/lands,생태조경디자인학과,https://lands.kangwon.ac.kr/lands/community/notice.do?articleLimit=20&article.offset=%d,Lands,articleNo,offset,"//*[@id=""cms-content""]/div/div/div[2]/table/tbody/tr[1]/td[1]","//*[@id=""cms-content""]/div/div/div[2]/table/tbody/tr/td[2]/div/a","//*[@id=""cms-content""]/div/div/div[2]/table/tbody/tr/td[2]/div/a//text()","//*[@id=""cms-content""]/div/div/div[2]/table/tbody/tr/td[4]//text()","//*[@id=""cms-content""]/div/div/div[2]/table/tbody/tr/td[3]//text()",null,null,0
69,vetmed,/notice/vetmed,수의과대학,https://vetmed.kangwon.ac.kr/vetmed/community/notice.do?articleLimit=20&article.offset=%d,Vetmed,articleNo,offset,"//*[@id=""cms-content""]/div/div/div[2]/table/tbody/tr[1]/td[1]","//*[@id=""cms-content""]/div/div/div[2]/table/tbody/tr/td[2]/div/a","//*[@id=""cms-content""]/div/div/div[2]/table/tbody/tr/td[2]/div/a//text()","//*[@id=""cms-content""]/div/div/div[2]/table/tbody/tr/td[4]//text()","//*[@id=""cms-content""]/div/div/div[2]/table/tbody/tr/td[3]//text()",null,null,0
70,nurse,/notice/nurse,간호학과,https://nurse.kangwon.ac.kr/nurse/community/notice01.do?articleLimit=20&article.offset=%d,Nurse,articleNo,offset,"//*[@id=""cms-content""]/div/div/div[2]/table/tbody/tr[1]/td[1]","//*[@id=""cms-content""]/div/div/div[2]/table/tbody/tr/td[2]/div/a","//*[@id=""cms-content""]/div/div/div[2]/table/tbody/tr/td[2]/div/a//text()","//*[@id=""cms-content""]/div/div/div[2]/table/tbody/tr/td[4]//text()","//*[@id=""cms-content""]/div/div/div[2]/table/tbody/tr/td[3]//text()",null,null,0
71,pharmacy,/notice/pharmacy,약학대학,http://pharmacy.kangwon.ac.kr/bbs/board.php?bo_table=sub02_05,Pharmacy,wr_id,page,"//*[@id=""fboardlist""]/div/table/tbody/tr/td[1]/strong","//*[@id=""fboardlist""]/div/table/tbody/tr/td[2]/div/a","//*[@id=""fboardlist""]/div/table/tbody/tr/td[2]/div/a//text()","//*[@id=""fboardlist""]/div/table/tbody/tr/td[4]//text()","//*[@id=""fboardlist""]/div/table/tbody/tr/td[3]/span//text()",null,null,0
72,bmcollege,/notice/bmcollege,의생명과학대학,http://bmcollege.kangwon.ac.kr/bbs/board.php?bo_table=sub05_1,Bmcollege,wr_id,page,"//*[@id=""fboardlist""]/div/table/tbody/tr/td[1]/strong","//*[@id=""fboardlist""]/div/table/tbody/tr/td[2]/a","//*[@id=""fboardlist""]/div/table/tbody/tr/td[2]/a//text()","//*[@id=""fboardlist""]/div/table/tbody/tr/td[4]//text()","//*[@id=""fboardlist""]/div/table/tbody/tr/td[3]/span//text()",null,null,0
73,molscien,/notice/molscien,분자생명과학과,https://molscien.kangwon.ac.kr/molscien/community/notice01.do?articleLimit=20&article.offset=%d,Molscien,articleNo,offset,"//*[@id=""cms-content""]/div/div/div[2]/table/tbody/tr[1]/td[1]","//*[@id=""cms-content""]/div/div/div[2]/table/tbody/tr/td[2]/div/a","//*[@id=""cms-content""]/div/div/div[2]/table/tbody/tr/td[2]/div/a//text()","//*[@id=""cms-content""]/div/div/div[2]/table/tbody/tr/td[4]//text()","//*[@id=""cms-content""]/div/div/div[2]/table/tbody/tr/td[3]//text()",null,null,0
74,bio_health,/notice/bio_health,생명건강공학과,https://bio-health.kangwon.ac.kr/bio-health/community/notice-department.do?articleLimit=20&article.offset=%d,Bio_health,articleNo,offset,"//*[@id=""cms-content""]/div/div/div[2]/table/tbody/tr[1]/td[1]","//*[@id=""cms-content""]/div/div/div[2]/table/tbody/tr/td[2]/div/a","//*[@id=""cms-content""]/div/div/div[2]/table/tbody/tr/td[2]/div/a//text()","//*[@id=""cms-content""]/div/div/div[2]/table/tbody/tr/td[4]//text()","//*[@id=""cms-content""]/div/div/div[2]/table/tbody/tr/td[3]//text()",null,null,0
75,bme,/notice/bme,생물의소재공학과,https://bme.kangwon.ac.kr/bme/community/notice.do?articleLimit=20&article.offset=%d,Bme,articleNo,offset,"//*[@id=""cms-content""]/div/div/div[2]/table/tbody/tr[1]/td[1]","//*[@id=""cms-content""]/div/div/div[2]/table/tbody/tr/td[2]/div/a","//*[@id=""cms-content""]/div/div/div[2]/table/tbody/tr/td[2]/div/a//text()","//*[@id=""cms-content""]/div/div/div[2]/table/tbody/tr/td[4]//text()","//*[@id=""cms-content""]/div/div/div[2]/table/tbody/tr/td[3]//text()",null,null,0
76,si,/notice/si,시스템면역과학과,https://si.kangwon.ac.kr/si/community/notice.do?articleLimit=20&article.offset=%d,Si,articleNo,offset,"//*[@id=""cms-content""]/div/div/div[2]/table/tbody/tr[1]/td[1]","//*[@id=""cms-content""]/div/div/div[2]/table/tbody/tr/td[2]/div/a","//*[@id=""cms-content""]/div/div/div[2]/table/tbody/tr/td[2]/div/a//text()","//*[@id=""cms-content""]/div/div/div[2]/table/tbody/tr/td[4]//text()","//*[@id=""cms-content""]/div/div/div[2]/table/tbody/tr/td[3]//text()",null,null,0
77,dmbt,/notice/dmbt,의생명공학과,https://dmbt.kangwon.ac.kr/dmbt/community/notice-department.do?articleLimit=20&article.offset=%d,Dmbt,articleNo,offset,"//*[@id=""cms-content""]/div/div/div[2]/table/tbody/tr[1]/td[1]","//*[@id=""cms-content""]/div/div/div[2]/table/tbody/tr/td[2]/div/a","//*[@id=""cms-content""]/div/div/div[2]/table/tbody/tr/td[2]/div/a//text()","//*[@id=""cms-content""]/div/div/div[2]/table/tbody/tr/td[4]//text()","//*[@id=""cms-content""]/div/div/div[2]/table/tbody/tr/td[3]//text()",null,null,0
78,it,/notice/it,IT대학,http://it.kangwon.ac.kr/index.php?mt=page&mp=4_1,It,BID,cpage,"//*[@id=""bbsWrap""]/table/tbody/tr/td[1]/img","//*[@id=""bbsWrap""]/table/tbody/tr/td[2]/a","///*[@id=""bbsWrap""]/table/tbody/tr/td[2]/a//text()","//*[@id=""bbsWrap""]/table/tbody/tr/td[4]//text()","//*[@id=""bbsWrap""]/table/tbody/tr/td[3]//text()",null,null,0
79,korean,/notice/korean,국어국문학과,https://korean.kangwon.ac.kr/korean/community/notice.do?articleLimit=20&article.offset=%d,Korean,articleNo,offset,"//*[@id=""cms-content""]/div/div/div[2]/table/tbody/tr[1]/td[1]","//*[@id=""cms-content""]/div/div/div[2]/table/tbody/tr/td[2]/div/a","//*[@id=""cms-content""]/div/div/div[2]/table/tbody/tr/td[2]/div/a//text()","//*[@id=""cms-content""]/div/div/div[2]/table/tbody/tr/td[4]//text()","//*[@id=""cms-content""]/div/div/div[2]/table/tbody/tr/td[3]//text()",null,null,0
80,english,/notice/english,영어영문학과,https://english.kangwon.ac.kr/english/community/notice01.do?articleLimit=20&article.offset=%d,English,articleNo,offset,"//*[@id=""cms-content""]/div/div/div[2]/table/tbody/tr[1]/td[1]","//*[@id=""cms-content""]/div/div/div[2]/table/tbody/tr/td[2]/div/a","//*[@id=""cms-content""]/div/div/div[2]/table/tbody/tr/td[2]/div/a//text()","//*[@id=""cms-content""]/div/div/div[2]/table/tbody/tr/td[4]//text()","//*[@id=""cms-content""]/div/div/div[2]/table/tbody/tr/td[3]//text()",null,null,0
81,france,/notice/france,불어불문학과,http://france.kangwon.ac.kr/?doc=bbs/board.php&bo_table=gongi,France,wr_id,page,/html/body/table/tbody/tr/td/table/tbody/tr[4]/td/table/tbody/tr/td[3]/table/tbody/tr[3]/td/table/tbody/tr/td/table/tbody/tr[2]/td/table[2]/tbody/tr/td[1],/html/body/table/tbody/tr/td/table/tbody/tr[4]/td/table/tbody/tr/td[3]/table/tbody/tr[3]/td/table/tbody/tr/td/table/tbody/tr[2]/td/table[2]/tbody/tr/td[3]/a,/html/body/table/tbody/tr/td/table/tbody/tr[4]/td/table/tbody/tr/td[3]/table/tbody/tr[3]/td/table/tbody/tr/td/table/tbody/tr[2]/td/table[2]/tbody/tr/td[3]/a//text(),/html/body/table/tbody/tr/td/table/tbody/tr[4]/td/table/tbody/tr/td[3]/table/tbody/tr[3]/td/table/tbody/tr/td/table/tbody/tr[2]/td/table[2]/tbody/tr/td[7]/font//text(),/html/body/table/tbody/tr/td/table/tbody/tr[4]/td/table/tbody/tr/td[3]/table/tbody/tr[3]/td/table/tbody/tr/td/table/tbody/tr[2]/td/table[2]/tbody/tr/td[5]//text(),null,null,0
82,german,/notice/german,독어독문학과,https://german.kangwon.ac.kr/german/community/notice.do?articleLimit=20&article.offset=%d,German,articleNo,offset,"//*[@id=""cms-content""]/div/div/div[2]/table/tbody/tr[1]/td[1]","//*[@id=""cms-content""]/div/div/div[2]/table/tbody/tr/td[2]/div/a","//*[@id=""cms-content""]/div/div/div[2]/table/tbody/tr/td[2]/div/a//text()","//*[@id=""cms-content""]/div/div/div[2]/table/tbody/tr/td[4]//text()","//*[@id=""cms-content""]/div/div/div[2]/table/tbody/tr/td[3]//text()",null,null,0
83,chinese,/notice/chinese,중어중문학과,https://chinese.kangwon.ac.kr/chinese/community/notice01.do?articleLimit=20&article.offset=%d,Chinese,articleNo,offset,"//*[@id=""cms-content""]/div/div/div[2]/table/tbody/tr[1]/td[1]","//*[@id=""cms-content""]/div/div/div[2]/table/tbody/tr/td[2]/div/a","//*[@id=""cms-content""]/div/div/div[2]/table/tbody/tr/td[2]/div/a//text()","//*[@id=""cms-content""]/div/div/div[2]/table/tbody/tr/td[4]//text()","//*[@id=""cms-content""]/div/div/div[2]/table/tbody/tr/td[3]//text()",null,null,0
84,japan,/notice/japan,일본어학과,https://cms.kangwon.ac.kr/japan/community/notice.do?articleLimit=20&article.offset=%d,Japan,articleNo,offset,"//*[@id=""cms-content""]/div/div/div[2]/table/tbody/tr[1]/td[1]","//*[@id=""cms-content""]/div/div/div[2]/table/tbody/tr/td[2]/div/a","//*[@id=""cms-content""]/div/div/div[2]/table/tbody/tr/td[2]/div/a//text()","//*[@id=""cms-content""]/div/div/div[2]/table/tbody/tr/td[4]//text()","//*[@id=""cms-content""]/div/div/div[2]/table/tbody/tr/td[3]//text()",null,null,0
85,knuhisto,/notice/knuhisto,사학과,https://knuhisto.kangwon.ac.kr/knuhisto/community/notice.do?articleLimit=20&article.offset=%d,Knuhisto,articleNo,offset,"//*[@id=""cms-content""]/div/div/div[2]/table/tbody/tr[1]/td[1]","//*[@id=""cms-content""]/div/div/div[2]/table/tbody/tr/td[2]/div/a","//*[@id=""cms-content""]/div/div/div[2]/table/tbody/tr/td[2]/div/a//text()","//*[@id=""cms-content""]/div/div/div[2]/table/tbody/tr/td[4]//text()","//*[@id=""cms-content""]/div/div/div[2]/table/tbody/tr/td[3]//text()",null,null,0
86,physics,/notice/physics,물리학과,https://physics.kangwon.ac.kr/physics/community/notice.do?mode=list&article.offset=%d&articleLimit=20,Physics,articleNo,offset,"//*[@id=""cms-content""]/div/div/div[2]/table/tbody/tr/td[1]//text()","//*[@id=""cms-content""]/div/div/div[2]/table/tbody/tr/td[2]/div/a","//*[@id=""cms-content""]/div/div/div[2]/table/tbody/tr/td[2]/div/a//text()","//*[@id=""cms-content""]/div/div/div[2]/table/tbody/tr/td[4]//text()","//*[@id=""cms-content""]/div/div/div[2]/table/tbody/tr/td[3]//text()",null,null,0
87,biology,/notice/biology,생명과학과,https://biology.kangwon.ac.kr/biology/community/notice.do?articleLimit=20&article.offset=%d,Biology,articleNo,offset,"//*[@id=""cms-content""]/div/div/div[2]/table/tbody/tr[1]/td[1]","//*[@id=""cms-content""]/div/div/div[2]/table/tbody/tr/td[2]/div/a","//*[@id=""cms-content""]/div/div/div[2]/table/tbody/tr/td[2]/div/a//text()","//*[@id=""cms-content""]/div/div/div[2]/table/tbody/tr/td[4]//text()","//*[@id=""cms-content""]/div/div/div[2]/table/tbody/tr/td[3]//text()",null,null,0
88,math,/notice/math,수학과,https://math.kangwon.ac.kr/math/community/notice.do?articleLimit=20&article.offset=%d,Math,articleNo,offset,"//*[@id=""cms-content""]/div/div/div[2]/table/tbody/tr[1]/td[1]","//*[@id=""cms-content""]/div/div/div[2]/table/tbody/tr/td[2]/div/a","//*[@id=""cms-content""]/div/div/div[2]/table/tbody/tr/td[2]/div/a//text()","//*[@id=""cms-content""]/div/div/div[2]/table/tbody/tr/td[4]//text()","//*[@id=""cms-content""]/div/div/div[2]/table/tbody/tr/td[3]//text()",null,null,0
89,geology,/notice/geology,지질학과,https://geology.kangwon.ac.kr/geology/community/notice-department.do?articleLimit=20&article.offset=%d,Geology,articleNo,offset,"//*[@id=""cms-content""]/div/div/div[2]/table/tbody/tr[1]/td[1]","//*[@id=""cms-content""]/div/div/div[2]/table/tbody/tr/td[2]/div/a","//*[@id=""cms-content""]/div/div/div[2]/table/tbody/tr/td[2]/div/a//text()","//*[@id=""cms-content""]/div/div/div[2]/table/tbody/tr/td[4]//text()","//*[@id=""cms-content""]/div/div/div[2]/table/tbody/tr/td[3]//text()",null,null,0
90,geophysics,/notice/geophysics,지구물리학과,https://geophysics.kangwon.ac.kr/geophysics/community/notice.do?articleLimit=20&article.offset=%d,Geophysics,articleNo,offset,"//*[@id=""cms-content""]/div/div/div[2]/table/tbody/tr[1]/td[1]","//*[@id=""cms-content""]/div/div/div[2]/table/tbody/tr/td[2]/div/a","//*[@id=""cms-content""]/div/div/div[2]/table/tbody/tr/td[2]/div/a//text()","//*[@id=""cms-content""]/div/div/div[2]/table/tbody/tr/td[4]//text()","//*[@id=""cms-content""]/div/div/div[2]/table/tbody/tr/td[3]//text()",null,null,0
91,biochem,/notice/biochem,생화학과,https://biochem.kangwon.ac.kr/biochem/bbs_list.php?bbs_data=c3RhcnRQYWdlPTAmY29kZT1zdWIwN2EmdGFibGU9Y3NfYmJzX2RhdGEmc2VhcmNoX2l0ZW09JnNlYXJjaF9vcmRlcj0mdXJsPXN1YjA3YSZrZXl2YWx1ZT1zdWIwNw==||,Biochem,bbs_data,page,/html/body/div[4]/div/div[2]/div[3]/div[1]/table/tbody/tr/td[1]/img,/html/body/div[4]/div/div[2]/div[3]/div[1]/table/tbody/tr/td[2]/a,/html/body/div[4]/div/div[2]/div[3]/div[1]/table/tbody/tr/td[2]/a//text(),/html/body/div[4]/div/div[2]/div[3]/div[1]/table/tbody/tr/td[4]//text(),/html/body/div[4]/div/div[2]/div[3]/div[1]/table/tbody/tr/td[3]//text(),null,null,0
92,chemis,/notice/chemis,화학과,http://chemis.kangwon.ac.kr/board/bbs/board.php?bo_table=chemis_table04,Chemis,wr_id,page,"//*[@id=""conbox""]/table/tbody/tr/td/form/table/tbody/tr/td[1]/b","//*[@id=""conbox""]/table/tbody/tr/td/form/table/tbody/tr/td[2]/nobr/a","//*[@id=""conbox""]/table/tbody/tr/td/form/table/tbody/tr/td[2]/nobr/a//text()","//*[@id=""conbox""]/table/tbody/tr/td/form/table/tbody/tr/td[3]//text()",null,null,null,0
93,eee,/notice/eee,전기전자공학과,https://eee.kangwon.ac.kr/eee/community/notice.do?articleLimit=20&article.offset=%d,Eee,articleNo,offset,"//*[@id=""cms-content""]/div/div/div[2]/table/tbody/tr[1]/td[1]","//*[@id=""cms-content""]/div/div/div[2]/table/tbody/tr/td[2]/div/a","//*[@id=""cms-content""]/div/div/div[2]/table/tbody/tr/td[2]/div/a//text()","//*[@id=""cms-content""]/div/div/div[2]/table/tbody/tr/td[4]//text()","//*[@id=""cms-content""]/div/div/div[2]/table/tbody/tr/td[3]//text()",null,null,0
94,ee,/notice/ee,전자공학과,https://ee.kangwon.ac.kr/ee/community/notice01.do?mode=list&article.offset=%d&articleLimit=20,Ee,articleNo,offset,"//*[@id=""cms-content""]/div/div/div[2]/table/tbody/tr/td[1]//text()","//*[@id=""cms-content""]/div/div/div[2]/table/tbody/tr/td[2]/div/a","//*[@id=""cms-content""]/div/div/div[2]/table/tbody/tr/td[2]/div/a//text()","//*[@id=""cms-content""]/div/div/div[2]/table/tbody/tr/td[4]//text()","//*[@id=""cms-content""]/div/div/div[2]/table/tbody/tr/td[3]//text()",null,null,0
95,multimajor,/notice/multimajor,미래융합가상학과,http://multimajor.kangwon.ac.kr/bbs/board.php?bo_table=notice,Multimajor,wr_id,page,"//*[@id=""fboardlist""]/div[1]/table/tbody/tr/td[1]//text()","//*[@id=""fboardlist""]/div[1]/table/tbody/tr/td[2]/a","//*[@id=""fboardlist""]/div[1]/table/tbody/tr/td[2]/a//text()","//*[@id=""fboardlist""]/div[1]/table/tbody/tr/td[5]//text()","//*[@id=""fboardlist""]/div[1]/table/tbody/tr/td[4]/span//text()",null,null,0
96,liberal,/notice/liberal,춘천자유전공학과,https://liberal.kangwon.ac.kr/liberal/community/notice.do?articleLimit=20&article.offset=%d,Liberal,articleNo,offset,"//*[@id=""cms-content""]/div/div/div[2]/table/tbody/tr[1]/td[1]","//*[@id=""cms-content""]/div/div/div[2]/table/tbody/tr/td[2]/div/a","//*[@id=""cms-content""]/div/div/div[2]/table/tbody/tr/td[2]/div/a//text()","//*[@id=""cms-content""]/div/div/div[2]/table/tbody/tr/td[4]//text()","//*[@id=""cms-content""]/div/div/div[2]/table/tbody/tr/td[3]//text()",null,null,0
97,knudorm,/notice/knudorm,학생생활관(기숙사),http://knudorm.kangwon.ac.kr/bbs/community/4,Knudorm,articleId,null,"//*[@id=""listUI""]/table/tbody/tr/td[1]/span","//*[@id=""listUI""]/table/tbody/tr/td[2]/p/a","//*[@id=""listUI""]/table/tbody/tr/td[2]/p/a//text()","//*[@id=""listUI""]/table/tbody/tr/td[5]//text()","//*[@id=""listUI""]/table/tbody/tr/td[3]//text()",null,null,0
98,linc,/notice/linc,Linc사업단,http://linc.kangwon.ac.kr/index.php?&mp=4_1,Linc,BID,cpage,"//*[@id=""bbsWrap""]/table/tbody/tr/td[1]/img","//*[@id=""bbsWrap""]/table/tbody/tr/td[2]/a","//*[@id=""bbsWrap""]/table/tbody/tr/td[2]/a//text()","//*[@id=""bbsWrap""]/table/tbody/tr/td[3]//text()",null,null,null,0
99,swuniv,/notice/swuniv,SW중심대학사업단,http://swuniv.kangwon.ac.kr/index.php?&mp=5_1,Swuniv,BID,cpage,"//*[@id=""bbsWrap""]/form[1]/table/tbody/tr/td[1]/img","//*[@id=""bbsWrap""]/form[1]/table/tbody/tr/td[2]/a","//*[@id=""bbsWrap""]/form[1]/table/tbody/tr/td[2]/a//text()","//*[@id=""bbsWrap""]/form[1]/table/tbody/tr/td[4]//text()","//*[@id=""bbsWrap""]/form[1]/table/tbody/tr/td[3]/text()",null,null,0
100,klac,/notice/klac,실험동물센터,http://klac.kangwon.ac.kr/bbs/board.php?bo_table=sub6_1,Klac,wr_id,page,"//*[@id=""fboardlist""]/table/tbody/tr/td[1]/strong","//*[@id=""fboardlist""]/table/tbody/tr/td[2]/a","//*[@id=""fboardlist""]/table/tbody/tr/td[2]/a//text()","//*[@id=""fboardlist""]/table/tbody/tr/td[4]//text()","//*[@id=""fboardlist""]/table/tbody/tr/td[3]/span//text()",null,null,0
101,gifted,/notice/gifted,과학영재교육원,https://gifted.kangwon.ac.kr/board/notice,Gifted,restful,page,"//*[@id=""oZoom""]/table/tbody/tr/td[1]//text()","//*[@id=""oZoom""]/table/tbody/tr/td[2]/a","//*[@id=""oZoom""]/table/tbody/tr/td[2]/a//text()","//*[@id=""oZoom""]/table/tbody/tr/td[4]//text()","//*[@id=""oZoom""]/table/tbody/tr/td[3]//text()",null,null,0
102,kwclab,/notice/kwclab,공동실험실습관,http://www.kwclab.co.kr/board_list.asp?boardCode=notice,Kwclab,boardNumber,page,"//*[@id=""s_side_rt""]/table/tbody/tr/td[1]/img","//*[@id=""s_side_rt""]/table/tbody/tr/td[2]/a","//*[@id=""s_side_rt""]/table/tbody/tr/td[2]/a/span//text()","//*[@id=""s_side_rt""]/table/tbody/tr/td[5]//text()","//*[@id=""s_side_rt""]/table/tbody/tr/td[4]/a/span//text()",null,null,0
103,kile,/notice/kile,교양교육원,https://kile.kangwon.ac.kr/kile/bbs_list.php?code=sub07a&keyvalue=sub07,Kile,bbs_data,null,/html/body/div[4]/div/div[2]/div[3]/div[1]/table/tbody/tr/td[2]/img,/html/body/div[4]/div/div[2]/div[3]/div[1]/table/tbody/tr/td[2]/a,/html/body/div[4]/div/div[2]/div[3]/div[1]/table/tbody/tr/td[2]/a//text(),/html/body/div[4]/div/div[2]/div[3]/div[1]/table/tbody/tr/td[4]//text(),/html/body/div[4]/div/div[2]/div[3]/div[1]/table/tbody/tr/td[3]//text(),null,null,0
104,nongsa,/notice/nongsa,농촌사회교육원,http://www.nongsa.or.kr/bbs/board.php?bo_table=sub06_1,Nongsa,wr_id,page,"//*[@id=""fboardlist""]/div/table/tbody/tr/td[1]","//*[@id=""fboardlist""]/div/table/tbody/tr/td[2]/a","//*[@id=""fboardlist""]/div/table/tbody/tr/td[2]/a//text()","//*[@id=""fboardlist""]/div/table/tbody/tr/td[4]//text()","//*[@id=""fboardlist""]/div/table/tbody/tr/td[3]/span//text()",null,null,0
105,expfor,/notice/expfor,학술림,https://expfor.kangwon.ac.kr/bbs/board.php?bo_table=sub5_1,Expfor,wr_id,page,"//*[@id=""contens""]/div/table/tbody/tr/td/form/table/tbody/tr/td[1]/img","//*[@id=""contens""]/div/table/tbody/tr/td/form/table/tbody/tr/td[2]/nobr/a","//*[@id=""contens""]/div/table/tbody/tr/td/form/table/tbody/tr/td[2]/nobr/a//text()","//*[@id=""contens""]/div/table/tbody/tr/td/form/table/tbody/tr/td[4]//text()","//*[@id=""contens""]/div/table/tbody/tr/td/form/table/tbody/tr/td[3]/span//text()",null,null,0
106,kwbc,/notice/kwbc,백령아트센터,https://kwbc.kangwon.ac.kr/kwbc/bbs_list.php?code=sub07a&keyvalue=sub07,Kwbc,bbs_data,null,/html/body/div[5]/div/div/div[3]/div[1]/table/tbody/tr/td[1]/img,/html/body/div[5]/div/div/div[3]/div[1]/table/tbody/tr/td[2]/a,/html/body/div[5]/div/div/div[3]/div[1]/table/tbody/tr/td[2]/a//text(),/html/body/div[5]/div/div/div[3]/div[1]/table/tbody/tr/td[4]//text(),/html/body/div[5]/div/div/div[3]/div[1]/table/tbody/tr/td[3]//text(),null,null,0
107,museum,/notice/museum,중앙박물관,http://museum.kangwon.ac.kr/bbs/board.php?bo_table=km_notice,Museum,wr_id,page,/html/body/table[1]/tbody/tr/td[1]/table[3]/tbody/tr[2]/td/table/tbody/tr[2]/td/table/tbody/tr[2]/td[2]/table/tbody/tr[3]/td/table/tbody/tr/td/form/table/tbody/tr/td[1]/img,/html/body/table[1]/tbody/tr/td[1]/table[3]/tbody/tr[2]/td/table/tbody/tr[2]/td/table/tbody/tr[2]/td[2]/table/tbody/tr[3]/td/table/tbody/tr/td/form/table/tbody/tr/td[2]/nobr/a,/html/body/table[1]/tbody/tr/td[1]/table[3]/tbody/tr[2]/td/table/tbody/tr[2]/td/table/tbody/tr[2]/td[2]/table/tbody/tr[3]/td/table/tbody/tr/td/form/table/tbody/tr/td[2]/nobr/a//text(),/html/body/table[1]/tbody/tr/td[1]/table[3]/tbody/tr[2]/td/table/tbody/tr[2]/td/table/tbody/tr[2]/td[2]/table/tbody/tr[3]/td/table/tbody/tr/td/form/table/tbody/tr/td[4]/span//text(),/html/body/table[1]/tbody/tr/td[1]/table[3]/tbody/tr[2]/td/table/tbody/tr[2]/td/table/tbody/tr[2]/td[2]/table/tbody/tr[3]/td/table/tbody/tr/td/form/table/tbody/tr/td[3]//text(),null,/html/body/table[1]/tbody/tr/td[1]/table[3]/tbody/tr[2]/td/table/tbody/tr[2]/td/table/tbody/tr[2]/td[2]/table/tbody/tr[3]/td/table/tbody/tr/td/div[1]/div[1]/span//text(),0
108,sports,/notice/sports,체육진흥원,http://sports.kangwon.ac.kr/bbs/board.php?bo_table=sub5_1,Sports,wr_id,page,"//*[@id=""fboardlist""]/div/table/tbody/tr/td[1]/strong","//*[@id=""fboardlist""]/div/table/tbody/tr/td[2]/a","//*[@id=""fboardlist""]/div/table/tbody/tr/td[2]/a//text()","//*[@id=""fboardlist""]/div/table/tbody/tr/td[4]//text()",null,null,null,0
109,khr,/notice/khr,인권센터,http://khr.kangwon.ac.kr/index.php?&mp=5_1,Khr,BID,cpage,"//*[@id=""bbsWrap""]/form[1]/table/tbody/tr/td[1]","//*[@id=""bbsWrap""]/form[1]/table/tbody/tr/td[2]/a","//*[@id=""bbsWrap""]/form[1]/table/tbody/tr/td[2]/a//text()","//*[@id=""bbsWrap""]/form[1]/table/tbody/tr/td[4]//text()","//*[@id=""bbsWrap""]/form[1]/table/tbody/tr/td[3]//text()",null,null,0
110,wmrc,/notice/wmrc,야생동물구조센터,http://www.wmrc.co.kr/bbs/board.php?bo_table=sub5_1,Wmrc,wr_id,null,"//*[@id=""ctn""]/table/tbody/tr/td/form/table/tbody/tr/td[1]","//*[@id=""ctn""]/table/tbody/tr/td/form/table/tbody/tr/td[2]/nobr/a","//*[@id=""ctn""]/table/tbody/tr/td/form/table/tbody/tr/td[2]/nobr/a//text()","//*[@id=""ctn""]/table/tbody/tr/td/form/table/tbody/tr/td[4]//text()","//*[@id=""ctn""]/table/tbody/tr/td/form/table/tbody/tr/td[3]/span//text()",null,"//*[@id=""ctn""]/table/tbody/tr/td/div[1]/div/span//text()",0
111,tpsc,/notice/tpsc,교원양성지원센터,https://tpsc.kangwon.ac.kr/bbs/board.php?bo_table=notice,Tpsc,wr_id,page,"//*[@id=""fboardlist""]/div[1]/table/tbody/tr/td[1]/strong","//*[@id=""fboardlist""]/div[1]/table/tbody/tr/td[2]/a","//*[@id=""fboardlist""]/div[1]/table/tbody/tr/td[2]/a//text()","//*[@id=""fboardlist""]/div[1]/table/tbody/tr/td[5]//text()","//*[@id=""fboardlist""]/div[1]/table/tbody/tr/td[4]/span//text()",null,null,0
112,gongja,/notice/gongja,공자학원,http://gongja.kangwon.ac.kr/bbs4/zboard.php?id=sub61,Gongja,no,page,/html/body/table[4]/tbody/tr/td[3]/div/table[3]/tbody/tr/td[2]/img,/html/body/table[4]/tbody/tr/td[3]/div/table[3]/tbody/tr/td[3]/a,/html/body/table[4]/tbody/tr/td[3]/div/table[3]/tbody/tr/td[3]/a/font//text(),/html/body/table[4]/tbody/tr/td[3]/div/table[3]/tbody/tr/td[5]/span//text(),/html/body/table[4]/tbody/tr/td[3]/div/table[3]/tbody/tr/td[4]//text(),null,null,0
113,icee,/notice/icee,공학교육혁신센터,http://icee.kangwon.ac.kr/index.php?mp=m4_1_1,Icee,BID,cpage,"//*[@id=""bbsWrap""]/form[1]/table/tbody/tr/td[1]/img","//*[@id=""bbsWrap""]/form[1]/table/tbody/tr/td[2]/a","//*[@id=""bbsWrap""]/form[1]/table/tbody/tr/td[2]/a/font//text()","//*[@id=""bbsWrap""]/form[1]/table/tbody/tr/td[4]//text()","//*[@id=""bbsWrap""]/form[1]/table/tbody/tr/td[3]//text()",null,null,0
114,itl,/notice/itl,교육혁신원,https://itl.kangwon.ac.kr/ko/community/notice/list,Itl,restful,restful,"//*[@id=""ModuleBoardListForm""]/ul/li/span[1]","//*[@id=""ModuleBoardListForm""]/ul/li/span[2]/a","//*[@id=""ModuleBoardListForm""]/ul/li/span[2]/a//text()","//*[@id=""ModuleBoardListForm""]/ul/li/span[4]/time//text()","//*[@id=""ModuleBoardListForm""]/ul/li/span[3]/span//text()",null,null,0
115,knup,/notice/knup,신문방송사,http://knup.kangwon.ac.kr/index.php?&mp=5_1,Knup,BID,cpage,"//*[@id=""bbsWrap""]/form[1]/table/tbody/tr/td[1]","//*[@id=""bbsWrap""]/form[1]/table/tbody/tr/td[2]/a","//*[@id=""bbsWrap""]/form[1]/table/tbody/tr/td[2]/a//text()","//*[@id=""bbsWrap""]/form[1]/table/tbody/tr/td[4]//text()","//*[@id=""bbsWrap""]/form[1]/table/tbody/tr/td[3]//text()",null,null,0
116,gkrtod,/notice/gkrtod,장애학생지원센터,http://gkrtod.kangwon.ac.kr/board/bbs/board.php?bo_table=BBS001_2,Gkrtod,wr_id,page,/html/body/table/tbody/tr/td/form/table/tbody/tr/td[1]/b,/html/body/table/tbody/tr/td/form/table/tbody/tr/td[2]/nobr/a,/html/body/table/tbody/tr/td/form/table/tbody/tr/td[2]/nobr/a//text(),/html/body/table/tbody/tr/td/form/table/tbody/tr/td[4]//text(),/html/body/table/tbody/tr/td/form/table/tbody/tr/td[3]/span//text(),null,/html/body/table/tbody/tr/td/div[1]/div[1]/span//text(),0
117,kwbi,/notice/kwbi,창업보육센터,http://kwbi.kangwon.ac.kr/board_list.asp?boardCode=notice,Kwbi,boardNumber,page,/html/body/div[3]/div[3]/div[3]/table/tbody/tr/td[1],/html/body/div[3]/div[3]/div[3]/table/tbody/tr/td[2]/a,/html/body/div[3]/div[3]/div[3]/table/tbody/tr/td[2]/a/span//text(),/html/body/div[3]/div[3]/div[3]/table/tbody/tr/td[5]//text(),/html/body/div[3]/div[3]/div[3]/table/tbody/tr/td[4]//text(),null,null,0
118,kcc,/notice/kcc,한국어문화원,http://kcc.kangwon.ac.kr/web/ezboard.php?BID=board01&GID=root,Kcc,UID,null,/html/body/div/table/tbody/tr/td/table[2]/tbody/tr/td[3]/table[2]/tbody/tr/td/table/tbody/tr/td/table[2]/tbody/tr/td/table[1]/tbody/tr/td[1]/font/img,/html/body/div/table/tbody/tr/td/table[2]/tbody/tr/td[3]/table[2]/tbody/tr/td/table/tbody/tr/td/table[2]/tbody/tr/td/table[1]/tbody/tr/td[2]/a,/html/body/div/table/tbody/tr/td/table[2]/tbody/tr/td[3]/table[2]/tbody/tr/td/table/tbody/tr/td/table[2]/tbody/tr/td/table[1]/tbody/tr/td[2]/a/font//text(),/html/body/div/table/tbody/tr/td/table[2]/tbody/tr/td[3]/table[2]/tbody/tr/td/table/tbody/tr/td/table[2]/tbody/tr/td/table[1]/tbody/tr/td[4]//text(),/html/body/div/table/tbody/tr/td/table[2]/tbody/tr/td[3]/table[2]/tbody/tr/td/table/tbody/tr/td/table[2]/tbody/tr/td/table[1]/tbody/tr/td[3]//text(),null,/html/body/div/table/tbody/tr/td/table[2]/tbody/tr/td[3]/table[2]/tbody/tr/td/table/tbody/tr/td/table[2]/tbody/tr/td/table[1]/tbody/tr/td/table/tbody/tr[2]/td[4]//text(),0
119,ksef,/notice/ksef,창업지원단,http://ksef.kangwon.ac.kr/board_list.asp?boardCode=notice,Ksef,boardNumber,page,/html/body/div[1]/div/div/div[2]/div[2]/section/div[2]/table/tbody/tr/td[1],/html/body/div[1]/div/div/div[2]/div[2]/section/div[2]/table/tbody/tr/td[2]/a,/html/body/div[1]/div/div/div[2]/div[2]/section/div[2]/table/tbody/tr/td[2]/a//text(),/html/body/div[1]/div/div/div[2]/div[2]/section/div[2]/table/tbody/tr/td[5]//text(),/html/body/div[1]/div/div/div[2]/div[2]/section/div[2]/table/tbody/tr/td[4]/a/span//text(),null,null,0
120,kwphilo,/notice/kwphilo,철학과,http://kwphilo.kangwon.ac.kr/bbs/board.php?bo_table=sub05_01,Kwphilo,wr_id,page,/html/body/table/tbody/tr/td/form/table/tbody/tr/td[1]/b,/html/body/table/tbody/tr/td/form/table/tbody/tr/td[2]/nobr/a,/html/body/table/tbody/tr/td/form/table/tbody/tr/td[2]/nobr/a//text(),/html/body/table/tbody/tr/td/form/table/tbody/tr/td[4]//text(),/html/body/table/tbody/tr/td/form/table/tbody/tr/td[3]/span//text(),null,/html/body/table/tbody/tr/td/div[1]/div[1]/span//text(),0
121,job,/notice/job,취업지원과,https://job.kangwon.ac.kr/kwjobs/user/bbs/index.jsp?gb=1,Job,Idx,pageNo,"//*[@id=""tbl_1""]/tbody/tr/td[1]//text()","//*[@id=""tbl_1""]/tbody/tr/td[2]/a","//*[@id=""tbl_1""]/tbody/tr/td[2]/a//text()","//*[@id=""tbl_1""]/tbody/tr/td[5]//text()","//*[@id=""tbl_1""]/tbody/tr/td[4]//text()",null,null,0
122,library,/notice/library,도서관,https://library.kangwon.ac.kr/#/bbs/ccnotice?max=20&offset=%d,Library,restful,offset,/html/body/div[1]/div[3]/div[4]/div/div[2]/div/div[3]/div/div[5]/table/tbody/tr/td[1]/span[2]//text(),/html/body/div[1]/div[3]/div[4]/div/div[2]/div/div[3]/div/div[5]/table/tbody/tr/td[2]/span[2]/span/a,/html/body/div[1]/div[3]/div[4]/div/div[2]/div/div[3]/div/div[5]/table/tbody/tr/td[2]/span[2]/span/a//text(),/html/body/div[1]/div[3]/div[4]/div/div[2]/div/div[3]/div/div[5]/table/tbody/tr/td[3]/span[2]//text(),/html/body/div[1]/div[3]/div[4]/div/div[2]/div/div[3]/div/div[5]/table/tbody/tr/td[4]/span[2]//text(),null,null,0
123,smed,/notice/smed,의과대학·의학전문대학원,https://smed.kangwon.ac.kr/smed_new/main/index.php?m_cd=50,Smed,b_id,page,"//*[@id=""bbs_list""]/table/tbody/tr/td[1]","//*[@id=""bbs_list""]/table/tbody/tr/td[2]/a","//*[@id=""bbs_list""]/table/tbody/tr/td[2]/a//text()","//*[@id=""bbs_list""]/table/tbody/tr/td[4]//text()","//*[@id=""bbs_list""]/table/tbody/tr/td[3]//text()",null,null,0
124,knuchild,/notice/knuchild,유아교육과,https://knuchild.kangwon.ac.kr/knuchild/community/department-notice.do?articleLimit=20&article.offset=%d,Knuchild,articleNo,offset,"//*[@id=""cms-content""]/div/div/div[2]/table/tbody/tr[1]/td[1]","//*[@id=""cms-content""]/div/div/div[2]/table/tbody/tr/td[2]/div/a","//*[@id=""cms-content""]/div/div/div[2]/table/tbody/tr/td[2]/div/a//text()","//*[@id=""cms-content""]/div/div/div[2]/table/tbody/tr/td[4]//text()","//*[@id=""cms-content""]/div/div/div[2]/table/tbody/tr/td[3]//text()",null,null,0
125,graduate,/notice/graduate,일반대학원,https://graduate.kangwon.ac.kr/graduate/community/notice.do?articleLimit=20&article.offset=%d,Graduate,articleNo,offset,"//*[@id=""cms-content""]/div/div/div[2]/table/tbody/tr[1]/td[1]","//*[@id=""cms-content""]/div/div/div[2]/table/tbody/tr/td[2]/div/a","//*[@id=""cms-content""]/div/div/div[2]/table/tbody/tr/td[2]/div/a//text()","//*[@id=""cms-content""]/div/div/div[2]/table/tbody/tr/td[4]//text()","//*[@id=""cms-content""]/div/div/div[2]/table/tbody/tr/td[3]//text()",null,null,0
126,mhaksa,/notice/mhaksa,강원대-학사공지,https://www.kangwon.ac.kr/www/selectBbsNttList.do?bbsNo=37,Mhaksa,nttNo,pageIndex,"//*[@id=""board""]/table/tbody/tr/td[1]/strong","//*[@id=""board""]/table/tbody/tr/td[3]/a","//*[@id=""board""]/table/tbody/tr/td[3]/a//text()","//*[@id=""board""]/table/tbody/tr/td[6]//text()","//*[@id=""board""]/table/tbody/tr/td[4]//text()","//*[@id=""board""]/table/tbody/tr/td[2]//text()",null,0
127,mjanghak,/notice/mjanghak,강원대-장학 게시판,https://www.kangwon.ac.kr/www/selectBbsNttList.do?bbsNo=34,Mjanghak,nttNo,pageIndex,"//*[@id=""board""]/table/tbody/tr/td[1]/strong","//*[@id=""board""]/table/tbody/tr/td[3]/a","//*[@id=""board""]/table/tbody/tr/td[3]/a//text()","//*[@id=""board""]/table/tbody/tr/td[6]//text()","//*[@id=""board""]/table/tbody/tr/td[4]//text()","//*[@id=""board""]/table/tbody/tr/td[2]//text()",null,0
128,knuserv,/notice/knuserv,봉사은행,https://knuserv.kangwon.ac.kr/notice?,Knuserv,restful,page,"//*[@id=""fboardlist""]/div[1]/table/tbody/tr/td[1]/span","//*[@id=""fboardlist""]/div[1]/table/tbody/tr/td[2]/div/a","//*[@id=""fboardlist""]/div[1]/table/tbody/tr/td[2]/div/a//text()","//*[@id=""fboardlist""]/div[1]/table/tbody/tr/td[5]//text()","//*[@id=""fboardlist""]/div[1]/table/tbody/tr/td[3]/span//text()",null,null,0
